{
    "overall": {
        "precision": 0.9166666666666666,
        "recall": 0.7916666666666666,
        "f1": 0.8211582700713135,
        "num_samples": 144.0
    },
    "class": {
        "computer-vision": {
            "precision": 1.0,
            "recall": 0.7037037037037037,
            "f1": 0.8260869565217391,
            "num_samples": 54.0
        },
        "mlops": {
            "precision": 1.0,
            "recall": 0.75,
            "f1": 0.8571428571428571,
            "num_samples": 12.0
        },
        "natural-language-processing": {
            "precision": 1.0,
            "recall": 0.8103448275862069,
            "f1": 0.8952380952380952,
            "num_samples": 58.0
        },
        "other": {
            "precision": 0.4,
            "recall": 1.0,
            "f1": 0.5714285714285715,
            "num_samples": 20.0
        }
    },
    "slices": {
        "nlp_cnn": {
            "precision": 1.0,
            "recall": 1.0,
            "f1": 1.0,
            "num_samples": 1
        },
        "short_text": {
            "precision": 0.8,
            "recall": 0.8,
            "f1": 0.8000000000000002,
            "num_samples": 5
        }
    }
}
