Timestamp,Valor,ID_EVENTO,Error
2018-11-02 20:11:00,3154.979991861979,YPF.Nq.RDMN-5(h)-YPF.Nq.RDMN-6(h)-3,
2018-11-02 20:16:00,3152.480056152344,YPF.Nq.RDMN-5(h)-YPF.Nq.RDMN-6(h)-3,
2018-11-02 20:21:00,3151.6434936523438,YPF.Nq.RDMN-5(h)-YPF.Nq.RDMN-6(h)-3,
2018-11-02 20:26:00,3149.211535644531,YPF.Nq.RDMN-5(h)-YPF.Nq.RDMN-6(h)-3,
2018-11-02 20:31:00,3147.9105997721354,YPF.Nq.RDMN-5(h)-YPF.Nq.RDMN-6(h)-3,
2018-11-02 20:36:00,3146.6216520182293,YPF.Nq.RDMN-5(h)-YPF.Nq.RDMN-6(h)-3,
2018-11-02 20:41:00,3145.222587076823,YPF.Nq.RDMN-5(h)-YPF.Nq.RDMN-6(h)-3,
2018-11-02 20:46:00,3145.7905224609376,YPF.Nq.RDMN-5(h)-YPF.Nq.RDMN-6(h)-3,
2018-11-02 20:51:00,3146.9651863606773,YPF.Nq.RDMN-5(h)-YPF.Nq.RDMN-6(h)-3,
2018-11-02 20:56:00,3150.7218986002604,YPF.Nq.RDMN-5(h)-YPF.Nq.RDMN-6(h)-3,
2018-11-02 21:01:00,3153.920457763672,YPF.Nq.RDMN-5(h)-YPF.Nq.RDMN-6(h)-3,
2018-11-02 21:06:00,3154.6039286295572,YPF.Nq.RDMN-5(h)-YPF.Nq.RDMN-6(h)-3,
2018-11-02 21:11:00,3154.387801106771,YPF.Nq.RDMN-5(h)-YPF.Nq.RDMN-6(h)-3,
2018-11-02 21:16:00,3154.9550927734376,YPF.Nq.RDMN-5(h)-YPF.Nq.RDMN-6(h)-3,
2018-11-02 21:21:00,3153.0253963216146,YPF.Nq.RDMN-5(h)-YPF.Nq.RDMN-6(h)-3,
2018-11-02 21:26:00,3152.7300122070315,YPF.Nq.RDMN-5(h)-YPF.Nq.RDMN-6(h)-3,
2018-11-02 21:31:00,3151.4875040690104,YPF.Nq.RDMN-5(h)-YPF.Nq.RDMN-6(h)-3,
2018-11-02 21:36:00,3150.4360148111978,YPF.Nq.RDMN-5(h)-YPF.Nq.RDMN-6(h)-3,
2018-11-02 21:41:00,3149.2391153971353,YPF.Nq.RDMN-5(h)-YPF.Nq.RDMN-6(h)-3,
2018-11-02 21:46:00,3148.871866861979,YPF.Nq.RDMN-5(h)-YPF.Nq.RDMN-6(h)-3,
2018-11-02 21:51:00,3148.48212890625,YPF.Nq.RDMN-5(h)-YPF.Nq.RDMN-6(h)-3,
2018-11-02 21:56:00,3148.178926595052,YPF.Nq.RDMN-5(h)-YPF.Nq.RDMN-6(h)-3,
2018-11-02 22:01:00,3146.6066625976564,YPF.Nq.RDMN-5(h)-YPF.Nq.RDMN-6(h)-3,
2018-11-02 22:06:00,3145.000957845052,YPF.Nq.RDMN-5(h)-YPF.Nq.RDMN-6(h)-3,
2018-11-02 22:11:00,3146.151493326823,YPF.Nq.RDMN-5(h)-YPF.Nq.RDMN-6(h)-3,
2018-11-02 22:16:00,3148.2102620442706,YPF.Nq.RDMN-5(h)-YPF.Nq.RDMN-6(h)-3,
2018-11-02 22:21:00,3148.464766438802,YPF.Nq.RDMN-5(h)-YPF.Nq.RDMN-6(h)-3,
2018-11-02 22:26:00,3151.2652587890625,YPF.Nq.RDMN-5(h)-YPF.Nq.RDMN-6(h)-3,
2018-11-02 22:31:00,3153.676526285807,YPF.Nq.RDMN-5(h)-YPF.Nq.RDMN-6(h)-3,
2018-11-02 22:36:00,3157.646514485677,YPF.Nq.RDMN-5(h)-YPF.Nq.RDMN-6(h)-3,
2018-11-02 22:41:00,3160.947898763021,YPF.Nq.RDMN-5(h)-YPF.Nq.RDMN-6(h)-3,
2018-11-02 22:46:00,3162.6271362304688,YPF.Nq.RDMN-5(h)-YPF.Nq.RDMN-6(h)-3,
2018-11-02 22:51:00,3165.12796875,YPF.Nq.RDMN-5(h)-YPF.Nq.RDMN-6(h)-3,
2018-11-02 22:56:00,3167.1681730143227,YPF.Nq.RDMN-5(h)-YPF.Nq.RDMN-6(h)-3,
2018-11-02 23:01:00,3170.056800537109,YPF.Nq.RDMN-5(h)-YPF.Nq.RDMN-6(h)-3,
2018-11-02 23:06:00,3172.2331677246093,YPF.Nq.RDMN-5(h)-YPF.Nq.RDMN-6(h)-3,
2018-11-02 23:11:00,3172.4760876464843,YPF.Nq.RDMN-5(h)-YPF.Nq.RDMN-6(h)-3,
2018-11-02 23:16:00,3171.762375488281,YPF.Nq.RDMN-5(h)-YPF.Nq.RDMN-6(h)-3,
2018-11-02 23:21:00,3171.141277669271,YPF.Nq.RDMN-5(h)-YPF.Nq.RDMN-6(h)-3,
2018-11-02 23:26:00,3169.3092297363282,YPF.Nq.RDMN-5(h)-YPF.Nq.RDMN-6(h)-3,
2018-11-02 23:31:00,3166.165301106771,YPF.Nq.RDMN-5(h)-YPF.Nq.RDMN-6(h)-3,
2018-11-02 23:36:00,3162.044876302083,YPF.Nq.RDMN-5(h)-YPF.Nq.RDMN-6(h)-3,
2018-11-02 23:41:00,3157.103594156901,YPF.Nq.RDMN-5(h)-YPF.Nq.RDMN-6(h)-3,
2018-11-02 23:46:00,3150.5460660807294,YPF.Nq.RDMN-5(h)-YPF.Nq.RDMN-6(h)-3,
2018-11-02 23:51:00,3145.989709065755,YPF.Nq.RDMN-5(h)-YPF.Nq.RDMN-6(h)-3,
2022-01-26 06:59:00,,YPF.Nq.LACh-413(h)-YPF.Nq.LACh-412(h)-1,"[{'FieldName': 'Value', 'Message': ['[-11059] No Good Data For Calculation']}]"
2022-01-26 07:04:00,,YPF.Nq.LACh-413(h)-YPF.Nq.LACh-412(h)-1,"[{'FieldName': 'Value', 'Message': ['[-11059] No Good Data For Calculation']}]"
2022-01-26 07:09:00,,YPF.Nq.LACh-413(h)-YPF.Nq.LACh-412(h)-1,"[{'FieldName': 'Value', 'Message': ['[-11059] No Good Data For Calculation']}]"
2022-01-26 07:14:00,,YPF.Nq.LACh-413(h)-YPF.Nq.LACh-412(h)-1,"[{'FieldName': 'Value', 'Message': ['[-11059] No Good Data For Calculation']}]"
2022-01-26 07:19:00,,YPF.Nq.LACh-413(h)-YPF.Nq.LACh-412(h)-1,"[{'FieldName': 'Value', 'Message': ['[-11059] No Good Data For Calculation']}]"
2022-01-26 07:24:00,,YPF.Nq.LACh-413(h)-YPF.Nq.LACh-412(h)-1,"[{'FieldName': 'Value', 'Message': ['[-11059] No Good Data For Calculation']}]"
2022-01-26 07:29:00,,YPF.Nq.LACh-413(h)-YPF.Nq.LACh-412(h)-1,"[{'FieldName': 'Value', 'Message': ['[-11059] No Good Data For Calculation']}]"
2022-01-26 07:34:00,,YPF.Nq.LACh-413(h)-YPF.Nq.LACh-412(h)-1,"[{'FieldName': 'Value', 'Message': ['[-11059] No Good Data For Calculation']}]"
2022-01-26 07:39:00,,YPF.Nq.LACh-413(h)-YPF.Nq.LACh-412(h)-1,"[{'FieldName': 'Value', 'Message': ['[-11059] No Good Data For Calculation']}]"
2022-01-26 07:44:00,,YPF.Nq.LACh-413(h)-YPF.Nq.LACh-412(h)-1,"[{'FieldName': 'Value', 'Message': ['[-11059] No Good Data For Calculation']}]"
2022-01-26 07:49:00,,YPF.Nq.LACh-413(h)-YPF.Nq.LACh-412(h)-1,"[{'FieldName': 'Value', 'Message': ['[-11059] No Good Data For Calculation']}]"
2022-01-26 07:54:00,,YPF.Nq.LACh-413(h)-YPF.Nq.LACh-412(h)-1,"[{'FieldName': 'Value', 'Message': ['[-11059] No Good Data For Calculation']}]"
2022-01-26 07:59:00,,YPF.Nq.LACh-413(h)-YPF.Nq.LACh-412(h)-1,"[{'FieldName': 'Value', 'Message': ['[-11059] No Good Data For Calculation']}]"
2022-01-26 08:04:00,,YPF.Nq.LACh-413(h)-YPF.Nq.LACh-412(h)-1,"[{'FieldName': 'Value', 'Message': ['[-11059] No Good Data For Calculation']}]"
2022-01-26 08:09:00,,YPF.Nq.LACh-413(h)-YPF.Nq.LACh-412(h)-1,"[{'FieldName': 'Value', 'Message': ['[-11059] No Good Data For Calculation']}]"
2022-01-26 08:14:00,,YPF.Nq.LACh-413(h)-YPF.Nq.LACh-412(h)-1,"[{'FieldName': 'Value', 'Message': ['[-11059] No Good Data For Calculation']}]"
2022-01-26 08:19:00,,YPF.Nq.LACh-413(h)-YPF.Nq.LACh-412(h)-1,"[{'FieldName': 'Value', 'Message': ['[-11059] No Good Data For Calculation']}]"
2022-01-26 08:24:00,,YPF.Nq.LACh-413(h)-YPF.Nq.LACh-412(h)-1,"[{'FieldName': 'Value', 'Message': ['[-11059] No Good Data For Calculation']}]"
2022-01-26 08:29:00,,YPF.Nq.LACh-413(h)-YPF.Nq.LACh-412(h)-1,"[{'FieldName': 'Value', 'Message': ['[-11059] No Good Data For Calculation']}]"
2022-01-26 08:34:00,,YPF.Nq.LACh-413(h)-YPF.Nq.LACh-412(h)-1,"[{'FieldName': 'Value', 'Message': ['[-11059] No Good Data For Calculation']}]"
2022-01-26 08:39:00,,YPF.Nq.LACh-413(h)-YPF.Nq.LACh-412(h)-1,"[{'FieldName': 'Value', 'Message': ['[-11059] No Good Data For Calculation']}]"
2022-01-26 08:44:00,,YPF.Nq.LACh-413(h)-YPF.Nq.LACh-412(h)-1,"[{'FieldName': 'Value', 'Message': ['[-11059] No Good Data For Calculation']}]"
2022-01-26 08:49:00,,YPF.Nq.LACh-413(h)-YPF.Nq.LACh-412(h)-1,"[{'FieldName': 'Value', 'Message': ['[-11059] No Good Data For Calculation']}]"
2022-01-26 08:54:00,,YPF.Nq.LACh-413(h)-YPF.Nq.LACh-412(h)-1,"[{'FieldName': 'Value', 'Message': ['[-11059] No Good Data For Calculation']}]"
2022-01-26 08:59:00,,YPF.Nq.LACh-413(h)-YPF.Nq.LACh-412(h)-1,"[{'FieldName': 'Value', 'Message': ['[-11059] No Good Data For Calculation']}]"
2022-01-26 09:04:00,,YPF.Nq.LACh-413(h)-YPF.Nq.LACh-412(h)-1,"[{'FieldName': 'Value', 'Message': ['[-11059] No Good Data For Calculation']}]"
2022-01-26 09:09:00,,YPF.Nq.LACh-413(h)-YPF.Nq.LACh-412(h)-1,"[{'FieldName': 'Value', 'Message': ['[-11059] No Good Data For Calculation']}]"
2022-01-26 09:14:00,,YPF.Nq.LACh-413(h)-YPF.Nq.LACh-412(h)-1,"[{'FieldName': 'Value', 'Message': ['[-11059] No Good Data For Calculation']}]"
2022-01-26 09:19:00,,YPF.Nq.LACh-413(h)-YPF.Nq.LACh-412(h)-1,"[{'FieldName': 'Value', 'Message': ['[-11059] No Good Data For Calculation']}]"
2022-01-26 09:24:00,,YPF.Nq.LACh-413(h)-YPF.Nq.LACh-412(h)-1,"[{'FieldName': 'Value', 'Message': ['[-11059] No Good Data For Calculation']}]"
2022-01-26 09:29:00,,YPF.Nq.LACh-413(h)-YPF.Nq.LACh-412(h)-1,"[{'FieldName': 'Value', 'Message': ['[-11059] No Good Data For Calculation']}]"
2022-01-26 09:34:00,,YPF.Nq.LACh-413(h)-YPF.Nq.LACh-412(h)-1,"[{'FieldName': 'Value', 'Message': ['[-11059] No Good Data For Calculation']}]"
2022-01-26 09:39:00,,YPF.Nq.LACh-413(h)-YPF.Nq.LACh-412(h)-1,"[{'FieldName': 'Value', 'Message': ['[-11059] No Good Data For Calculation']}]"
2022-01-26 09:44:00,,YPF.Nq.LACh-413(h)-YPF.Nq.LACh-412(h)-1,"[{'FieldName': 'Value', 'Message': ['[-11059] No Good Data For Calculation']}]"
2022-01-26 09:49:00,,YPF.Nq.LACh-413(h)-YPF.Nq.LACh-412(h)-1,"[{'FieldName': 'Value', 'Message': ['[-11059] No Good Data For Calculation']}]"
2022-01-26 09:54:00,,YPF.Nq.LACh-413(h)-YPF.Nq.LACh-412(h)-1,"[{'FieldName': 'Value', 'Message': ['[-11059] No Good Data For Calculation']}]"
2022-01-26 09:59:00,,YPF.Nq.LACh-413(h)-YPF.Nq.LACh-412(h)-1,"[{'FieldName': 'Value', 'Message': ['[-11059] No Good Data For Calculation']}]"
2022-01-26 10:04:00,,YPF.Nq.LACh-413(h)-YPF.Nq.LACh-412(h)-1,"[{'FieldName': 'Value', 'Message': ['[-11059] No Good Data For Calculation']}]"
2022-01-26 10:09:00,,YPF.Nq.LACh-413(h)-YPF.Nq.LACh-412(h)-1,"[{'FieldName': 'Value', 'Message': ['[-11059] No Good Data For Calculation']}]"
2022-01-26 10:14:00,,YPF.Nq.LACh-413(h)-YPF.Nq.LACh-412(h)-1,"[{'FieldName': 'Value', 'Message': ['[-11059] No Good Data For Calculation']}]"
2021-01-15 15:55:00,5774.287317708333,YPF.Nq.LLL-1624(h)-YPF.Nq.LLL-1623(h)-15,
2021-01-15 16:00:00,5772.139851074218,YPF.Nq.LLL-1624(h)-YPF.Nq.LLL-1623(h)-15,
2021-01-15 16:05:00,5769.142276204427,YPF.Nq.LLL-1624(h)-YPF.Nq.LLL-1623(h)-15,
2021-01-15 16:10:00,5766.884906412761,YPF.Nq.LLL-1624(h)-YPF.Nq.LLL-1623(h)-15,
2021-01-15 16:15:00,5745.584259440104,YPF.Nq.LLL-1624(h)-YPF.Nq.LLL-1623(h)-15,
2021-01-15 16:20:00,5742.139525553385,YPF.Nq.LLL-1624(h)-YPF.Nq.LLL-1623(h)-15,
2021-01-15 16:25:00,5738.9534204101565,YPF.Nq.LLL-1624(h)-YPF.Nq.LLL-1623(h)-15,
2021-01-15 16:30:00,5801.33671468099,YPF.Nq.LLL-1624(h)-YPF.Nq.LLL-1623(h)-15,
2021-01-15 16:35:00,6263.720129394531,YPF.Nq.LLL-1624(h)-YPF.Nq.LLL-1623(h)-15,
2021-01-15 16:40:00,6481.690511067708,YPF.Nq.LLL-1624(h)-YPF.Nq.LLL-1623(h)-15,
2021-01-15 16:45:00,6185.21142578125,YPF.Nq.LLL-1624(h)-YPF.Nq.LLL-1623(h)-15,
2021-01-15 16:50:00,6077.604351399739,YPF.Nq.LLL-1624(h)-YPF.Nq.LLL-1623(h)-15,
2021-01-15 16:55:00,6060.301686197917,YPF.Nq.LLL-1624(h)-YPF.Nq.LLL-1623(h)-15,
2021-01-15 17:00:00,5827.60423828125,YPF.Nq.LLL-1624(h)-YPF.Nq.LLL-1623(h)-15,
2021-01-15 17:05:00,5814.470572102865,YPF.Nq.LLL-1624(h)-YPF.Nq.LLL-1623(h)-15,
2021-01-15 17:10:00,5804.813073730469,YPF.Nq.LLL-1624(h)-YPF.Nq.LLL-1623(h)-15,
2021-01-15 17:15:00,5796.749669596355,YPF.Nq.LLL-1624(h)-YPF.Nq.LLL-1623(h)-15,
2021-01-15 17:20:00,5767.422905273437,YPF.Nq.LLL-1624(h)-YPF.Nq.LLL-1623(h)-15,
2021-01-15 17:25:00,5746.26276936849,YPF.Nq.LLL-1624(h)-YPF.Nq.LLL-1623(h)-15,
2021-01-15 17:30:00,5741.74653889974,YPF.Nq.LLL-1624(h)-YPF.Nq.LLL-1623(h)-15,
2021-01-15 17:35:00,2692.443154118856,YPF.Nq.LLL-1624(h)-YPF.Nq.LLL-1623(h)-15,
2021-01-15 17:40:00,0.0,YPF.Nq.LLL-1624(h)-YPF.Nq.LLL-1623(h)-15,
2021-01-15 17:45:00,0.0,YPF.Nq.LLL-1624(h)-YPF.Nq.LLL-1623(h)-15,
2021-01-15 17:50:00,0.0,YPF.Nq.LLL-1624(h)-YPF.Nq.LLL-1623(h)-15,
2021-01-15 17:55:00,0.0,YPF.Nq.LLL-1624(h)-YPF.Nq.LLL-1623(h)-15,
2021-01-15 18:00:00,0.0,YPF.Nq.LLL-1624(h)-YPF.Nq.LLL-1623(h)-15,
2021-01-15 18:05:00,0.0,YPF.Nq.LLL-1624(h)-YPF.Nq.LLL-1623(h)-15,
2021-01-15 18:10:00,0.0,YPF.Nq.LLL-1624(h)-YPF.Nq.LLL-1623(h)-15,
2021-01-15 18:15:00,0.0,YPF.Nq.LLL-1624(h)-YPF.Nq.LLL-1623(h)-15,
2021-01-15 18:20:00,0.0,YPF.Nq.LLL-1624(h)-YPF.Nq.LLL-1623(h)-15,
2021-01-15 18:25:00,0.0,YPF.Nq.LLL-1624(h)-YPF.Nq.LLL-1623(h)-15,
2021-01-15 18:30:00,0.0,YPF.Nq.LLL-1624(h)-YPF.Nq.LLL-1623(h)-15,
2021-01-15 18:35:00,0.0,YPF.Nq.LLL-1624(h)-YPF.Nq.LLL-1623(h)-15,
2021-01-15 18:40:00,1.3890333048502603,YPF.Nq.LLL-1624(h)-YPF.Nq.LLL-1623(h)-15,
2021-01-15 18:45:00,755.3391745724662,YPF.Nq.LLL-1624(h)-YPF.Nq.LLL-1623(h)-15,
2021-01-15 18:50:00,5703.256238606771,YPF.Nq.LLL-1624(h)-YPF.Nq.LLL-1623(h)-15,
2021-01-15 18:55:00,5699.880983072917,YPF.Nq.LLL-1624(h)-YPF.Nq.LLL-1623(h)-15,
2021-01-15 19:00:00,5698.127713216146,YPF.Nq.LLL-1624(h)-YPF.Nq.LLL-1623(h)-15,
2021-01-15 19:05:00,5695.758724772136,YPF.Nq.LLL-1624(h)-YPF.Nq.LLL-1623(h)-15,
2021-01-15 19:10:00,5694.444743652344,YPF.Nq.LLL-1624(h)-YPF.Nq.LLL-1623(h)-15,
2021-01-15 19:15:00,5692.819431152344,YPF.Nq.LLL-1624(h)-YPF.Nq.LLL-1623(h)-15,
